{"stats":[{"id":"#1","time":"2019-4-24 19h42min10s","driver":"MongoClient","repeat":10,"create":{"dataset":"jogadores-reduzido","executions":{"result":[200000,200000,200000,200000,200000,200000,200000,200000,200000,200000],"stats":{"diffTime":[3887,3711,3496,3484,3480,3455,3489,3477,3478,3468],"diffCPU":[2404.368,2057.267,1876.3,1863.396,1876.6,1873.927,1877.233,1881.904,1851.156,1885.352],"diffExternal":[32768,28672,11264,29696,28672,31744,30720,32768,31744],"diffHeapTotal":[19456,35840,17408,35840,35840,37888,34816,36864,25600,35840],"diffHeapUsed":[33792,35840,30720,35840,35840,31744,32768,32768,39936,31744],"diffRam":[69632,54272,17408,37888,37888,39936,36864,37888,25600,37888]}}},"read":{"condition":{},"executions":{"result":[200000,200000,200000,200000,200000,200000,200000,200000,200000,200000],"stats":{"diffTime":[1547,1765,1504,1513,1499,1514,1520,1699,1490,1520],"diffCPU":[1739.41,2827.246,1682.022,1670.572,1696.854,1690.85,1671.576,2640.802,1652.016,1669.86],"diffExternal":[1024],"diffHeapTotal":[24576,71680,70656,76800,69632,69632,77824,70656],"diffHeapUsed":[76800,74752,72704,67584,75776,74752,67584,75776],"diffRam":[25600,69632,69632,75776,70656,69632,75776,69632]}}},"update":{"condition":{},"values":{"ID":"1"},"executions":{"result":[200000,200000,200000,200000,200000,200000,200000,200000,200000,200000],"stats":{"diffTime":[4734,4783,4795,4779,4794,4779,4736,4757,4730,4780],"diffCPU":[5.254,3.068,2.407,2.387,2.603,2.303,2.695,2.704,2.25,2.308],"diffExternal":[0.5166015625,0.5166015625,0.5166015625,0.5166015625,0.5166015625,0.5166015625,0.5166015625,0.5166015625,0.5166015625,0.5166015625],"diffHeapTotal":[0,0,0,0,0,0,0,0,0,0],"diffHeapUsed":[89,74,60,59,59,59,59,71,59,58],"diffRam":[0,0,0,0,0,0,0,0,0,0]}}},"delete":{"condition":{},"executions":{"result":[200000,200000,200000,200000,200000,200000,200000,200000,200000,200000],"stats":{"diffTime":[3574,3608,3565,3602,3681,3624,3618,3566,3576,3591],"diffCPU":[5.131,3.039,1.732,2.657,3.433,1.827,3.105,2.779,1.68,2.584],"diffExternal":[0.4677734375,0.4677734375,0.1982421875,0.4677734375,0.4677734375,0.1982421875,0.4677734375,0.4677734375,0.1982421875,0.4677734375],"diffHeapTotal":[0,0,0,0,0,0,0,0,0,0],"diffHeapUsed":[79,66,39,58,59,38,58,64,38,58],"diffRam":[0,0,0,0,0,0,0,0,0,0]}}}}]}