{"stats":[{"id":"#1","time":"2019-4-24 19h25min58s","driver":"MongoClient","repeat":10,"create":{"dataset":"jogadores-completo","executions":{"result":[200000,200000,200000,200000,200000,200000,200000,200000,200000,200000],"stats":{"diffTime":[3848,3698,3499,3510,3513,3459,3450,3489,3500,3472],"diffCPU":[2380.927,2075.256,1895.93,1893.514,1895.401,1869.968,1884.552,1923.488,1928.567,1896.393],"diffExternal":[32768,28672,30720,29696,28672,32768,31744,28672,27648],"diffHeapTotal":[19456,35840,36864,36864,34816,29696,35840,17408,35840,36864],"diffHeapUsed":[32768,35840,33792,34816,35840,40960,31744,35840,35840,30720],"diffRam":[69632,55296,37888,37888,37888,32768,36864,17408,37888,37888]}}},"read":{"condition":{},"executions":{"result":[200000,200000,200000,200000,200000,200000,200000,200000,200000,200000],"stats":{"diffTime":[1560,1721,1521,1515,1527,1549,1706,1524,1501,1494],"diffCPU":[1782.714,2664.859,1686.747,1689.017,1708.832,1733.211,2694.114,1657.456,1681.147,1637.216],"diffExternal":[2048],"diffHeapTotal":[69632,70656,71680,76800,77824,65536,76800,70656],"diffHeapUsed":[74752,74752,72704,67584,66560,72704,67584,76800],"diffRam":[70656,69632,70656,75776,75776,64512,75776,69632]}}},"update":{"condition":{},"values":{"ID":"1"},"executions":{"result":[200000,200000,200000,200000,200000,200000,200000,200000,200000,200000],"stats":{"diffTime":[4760,4824,4802,4838,4790,4851,4774,4787,4760,4769],"diffCPU":[5.117,3.169,2.458,2.459,2.383,2.578,3.13,2.205,2.615,2.355],"diffExternal":[0.5166015625,0.5166015625,0.5166015625,0.5166015625,0.5166015625,0.5166015625,0.5166015625,0.5166015625,0.5166015625,0.5166015625],"diffHeapTotal":[0,0,0,0,0,0,0,0,0,0],"diffHeapUsed":[90,74,60,59,59,59,71,59,59,58],"diffRam":[0,0,0,0,0,0,0,0,0,0]}}},"delete":{"condition":{},"executions":{"result":[200000,200000,200000,200000,200000,200000,200000,200000,200000,200000],"stats":{"diffTime":[3569,3577,3572,3604,3568,3570,3594,3567,3590,3572],"diffCPU":[5.366,3.129,1.612,2.362,2.673,2.118,3.017,2.448,1.907,2.585],"diffExternal":[0.4677734375,0.4677734375,0.1982421875,0.4677734375,0.4677734375,0.1982421875,0.4677734375,0.4677734375,0.1982421875,0.4677734375],"diffHeapTotal":[0,0,0,0,0,0,0,0,0,0],"diffHeapUsed":[79,66,39,58,59,38,64,59,38,58],"diffRam":[0,0,0,0,0,0,0,0,0,0]}}}}]}