{"stats":[{"id":"#1","time":"2019-4-24 18h37min16s","driver":"Mongoose","repeat":10,"create":{"dataset":"jogadores-completo","executions":{"result":[100000,100000,100000,100000,100000,100000,100000,100000,100000,100000],"stats":{"diffTime":[37175,37891,38293,38838,38195,39040,38352,38616,38296,38367],"diffCPU":[40660.94,40619.886,42262.759,43544.125,40824.321,44044.035,41027.834,42944.069,40928.652,42220.389],"diffExternal":[12288,12288,10240,10240,12288,12288,9216,12288,12288],"diffHeapTotal":[335872,356352,367616,413696,412672,356352],"diffHeapUsed":[339968,408576,403456,405504,403456,396288],"diffRam":[367616,395264,368640,414720,413696,356352]}}},"read":{"condition":{},"executions":{"result":[100000,100000,100000,100000,100000,100000,100000,100000,100000,100000],"stats":{"diffTime":[24770,25633,25703,25617,25946,25741,25820,25417,25735,25669],"diffCPU":[27960.849,27661.746,27774.249,27558.401,28054.985,29139.68,27926.77,27402.796,27855.27,27776.627],"diffExternal":[1024],"diffHeapTotal":[220160,219136,30720,219136,219136,73728,220160,220160],"diffHeapUsed":[203776,217088,215040,216064,15360,217088,218112,217088,217088],"diffRam":[218112,218112,40960,217088,218112,147456,217088,218112]}}},"update":{"condition":{},"values":{"ID":"1"},"executions":{"result":[100000,100000,100000,100000,100000,100000,100000,100000,100000,100000],"stats":{"diffTime":[2371,2322,2358,2318,2330,2342,2350,2340,2504,2331],"diffCPU":[9.764,3.29,3.52,3.387,3.675,3.981,3.383,3.531,1431.819,3.787],"diffExternal":[0.517578125,0.517578125,0.517578125,0.517578125,0.517578125,0.517578125,0.517578125,0.517578125,0.517578125],"diffHeapTotal":[0,0,0,0,0,0,0,0,0],"diffHeapUsed":[163,62,67,67,58,84,58,66,67],"diffRam":[0,0,0,0,0,0,0,0,0]}}},"delete":{"condition":{},"executions":{"result":[100000,100000,100000,100000,100000,100000,100000,100000,100000,100000],"stats":{"diffTime":[1824,1804,1809,1827,1804,1806,1799,1810,1805,1800],"diffCPU":[7.495,2.715,3.306,2.95,3.065,3.105,2.899,3.51,3.144,3.316],"diffExternal":[0.19921875,0.19921875,0.19921875,0.19921875,0.19921875,0.19921875,0.19921875,0.19921875,0.19921875,0.19921875],"diffHeapTotal":[0,0,0,0,0,0,0,0,0,0],"diffHeapUsed":[71,36,41,41,34,42,34,41,48,41],"diffRam":[0,0,0,0,0,0,0,0,0,0]}}}}]}