{"stats":[{"id":"#1","time":"2019-4-24 18h53min5s","driver":"MongoClient","repeat":10,"create":{"dataset":"jogadores-reduzido","executions":{"result":[100000,100000,100000,100000,100000,100000,100000,100000,100000,100000],"stats":{"diffTime":[1988,1919,1772,1755,1751,1779,1773,1747,1804,1760],"diffCPU":[1243.609,1161.36,992.971,975.256,965.293,995.305,993.503,969.842,990.178,981.533],"diffExternal":[16384,16384,12288,13312,12288,13312,12288,13312],"diffHeapTotal":[8192,8192,18432,18432,20480,17408,18432,19456,7168,18432],"diffHeapUsed":[21504,20480,15360,15360,12288,14336,14336,13312,15360,14336],"diffRam":[41984,23552,20480,19456,20480,19456,20480,20480,7168,19456]}}},"read":{"condition":{},"executions":{"result":[100000,100000,100000,100000,100000,100000,100000,100000,100000,100000],"stats":{"diffTime":[840,784,746,764,855,744,749,847,763,735],"diffCPU":[930.617,801.609,823.175,836.845,1271.995,800.552,831.693,1277.618,828.057,804.871],"diffExternal":[269,4096],"diffHeapTotal":[2048,10240,35840,35840,35840,35840,27648,35840],"diffHeapUsed":[30720,34816,35840,36864,36864,36864,35840,36864],"diffRam":[6144,8192,33792,33792,34816,32768,25600,33792]}}},"update":{"condition":{},"values":{"ID":"1"},"executions":{"result":[100000,100000,100000,100000,100000,100000,100000,100000,100000,100000],"stats":{"diffTime":[2355,2331,2383,2431,2378,2384,2498,2376,2371,2377],"diffCPU":[3.637,2.654,2.352,1.441,2.714,24.344,1.332,2.735,2.371,1.276],"diffExternal":[0.2470703125,0.5166015625,0.5166015625,0.2470703125,0.5166015625,0.5166015625,0.2470703125,0.5166015625,0.5166015625,0.2470703125],"diffHeapTotal":[0,0,0,0,0,0,0,0,0,0],"diffHeapUsed":[66,64,61,39,73,89,38,72,60,38],"diffRam":[0,0,0,0,0,0,0,0,0,0]}}},"delete":{"condition":{},"executions":{"result":[100000,100000,100000,100000,100000,100000,100000,100000,100000,100000],"stats":{"diffTime":[1776,1788,1774,1768,1760,1765,1760,1764,1771,1766],"diffCPU":[4.776,2.19,1.695,2.731,1.87,1.553,2.786,1.921,1.443,2.368],"diffExternal":[0.4677734375,0.1982421875,0.1982421875,0.4677734375,0.1982421875,0.1982421875,0.4677734375,0.1982421875,0.1982421875,0.4677734375],"diffHeapTotal":[0,0,0,0,0,0,0,0,0,0],"diffHeapUsed":[81,41,39,60,44,38,59,44,38,59],"diffRam":[0,0,0,0,0,0,0,0,0,0]}}}}]}