{"stats":[{"id":"#1","time":"2019-4-24 18h43min2s","driver":"Mongoose","repeat":10,"create":{"dataset":"jogadores-reduzido","executions":{"result":[100,100,100,100,100,100,100,100,100,100],"stats":{"diffTime":[137,82,80,66,33,32,29,29,28,29],"diffCPU":[205.07,116.881,139.794,111.738,68.345,36.338,37.55,31.668,29.356,31.289],"diffExternal":[18,18,18,18,18,18,18,18],"diffHeapTotal":[16384,0,0,0,0,0,0,2048,0,0],"diffHeapUsed":[526,3072,3072,3072,3072,3072,3072,3072,3072],"diffRam":[792,992,184,1024,0,240,0,224,0]}}},"read":{"condition":{},"executions":{"result":[100,100,100,100,100,100,100,100,100,100],"stats":{"diffTime":[43,37,32,34,15,28,12,12,15,12],"diffCPU":[41.949,61.094,46.329,62.462,16.907,49.57,13.328,15.05,23.533,13.133],"diffExternal":[18,18,18,18,18,18,18,18,18],"diffHeapTotal":[0,0,0,512,0,0,0,0,0,0],"diffHeapUsed":[2048,2048,2048,2048,2048,2048,2048,2048,2048],"diffRam":[0,528,0,528,0,0,0,0,0,0]}}},"update":{"condition":{},"values":{"ID":"1"},"executions":{"result":[100,100,100,100,100,100,100,100,100,100],"stats":{"diffTime":[11,8,8,11,5,5,6,6,6,6],"diffCPU":[7.69,13.326,5.458,13.965,1.33,5.785,1.308,1.316,1.419,1.314],"diffExternal":[0.248046875,0.248046875,0.248046875,0.248046875,0.248046875,0.248046875,0.248046875,0.248046875,0.248046875,0.248046875],"diffHeapTotal":[0,0,0,0,0,0,0,0,0,0],"diffHeapUsed":[112,51,55,37,37,36,36,36,36,36],"diffRam":[0,0,0,0,0,0,0,0,0,0]}}},"delete":{"condition":{},"executions":{"result":[100,100,100,100,100,100,100,100,100,100],"stats":{"diffTime":[9,9,8,5,5,4,5,5,6,5],"diffCPU":[4.439,9.596,1.518,5.354,1.259,5.624,1.207,1.171,1.341,1.115],"diffExternal":[0.19921875,0.19921875,0.19921875,0.19921875,0.19921875,0.19921875,0.19921875,0.19921875,0.19921875,0.19921875],"diffHeapTotal":[0,0,0,0,0,0,0,0,0,0],"diffHeapUsed":[74,57,35,34,34,33,33,33,33,33],"diffRam":[0,0,0,0,0,528,0,0,0,0]}}}}]}