{"stats":[{"id":"#1","time":"2019-4-24 18h49min7s","driver":"MongoClient","repeat":10,"create":{"dataset":"jogadores-reduzido","executions":{"result":[10000,10000,10000,10000,10000,10000,10000,10000,10000,10000],"stats":{"diffTime":[272,228,191,185,169,180,191,210,174,190],"diffCPU":[237.26,173.574,114.118,105.889,87.165,95.252,121.538,145.441,91.783,97.032],"diffExternal":[2048,2048,2048,2048,2048,2048,2048,2048,2048],"diffHeapTotal":[0,0,0,0,0,0,512,0,0,0],"diffHeapUsed":[3072,2048,2048,1024,1024,1024,1024,1024,1024],"diffRam":[4096,2048,80,1024,0,0,260,0,228,264]}}},"read":{"condition":{},"executions":{"result":[10000,10000,10000,10000,10000,10000,10000,10000,10000,10000],"stats":{"diffTime":[108,161,89,82,104,75,101,114,85,82],"diffCPU":[114.922,354.069,63.785,92.913,96.233,63.837,116.004,98.063,95.442,70.841],"diffExternal":[3072,3072,3072,3072,3072],"diffHeapTotal":[0,0,512,0,0,0,512,512,0],"diffHeapUsed":[6144,6144,6144,6144,6144],"diffRam":[3072,0,788,528,0,0,0,520,0]}}},"update":{"condition":{},"values":{"ID":"1"},"executions":{"result":[10000,10000,10000,10000,10000,10000,10000,10000,10000,10000],"stats":{"diffTime":[238,232,229,240,228,242,235,241,243,235],"diffCPU":[3.798,1.782,1.269,1.198,1.313,1.192,1.414,1.535,1.373,1.462],"diffExternal":[0.2470703125,0.2470703125,0.2470703125,0.2470703125,0.2470703125,0.2470703125,0.2470703125,0.2470703125,0.2470703125,0.2470703125],"diffHeapTotal":[0,0,0,0,0,0,0,0,0,0],"diffHeapUsed":[67,52,41,41,41,41,41,41,41,41],"diffRam":[0,0,0,0,0,0,0,0,0,0]}}},"delete":{"condition":{},"executions":{"result":[10000,10000,10000,10000,10000,10000,10000,10000,10000,10000],"stats":{"diffTime":[193,181,177,185,178,191,188,187,194,185],"diffCPU":[4.434,1.513,1.24,1.221,1.666,1.454,1.726,1.737,1.554,1.566],"diffExternal":[0.1982421875,0.1982421875,0.1982421875,0.1982421875,0.1982421875,0.1982421875,0.1982421875,0.1982421875,0.1982421875,0.1982421875],"diffHeapTotal":[0,0,0,0,0,0,0,0,0,0],"diffHeapUsed":[59,46,40,40,40,40,40,40,40,40],"diffRam":[0,0,0,0,0,0,0,0,0,0]}}}}]}