{"stats":[{"id":"#1","time":"2019-4-24 18h47min44s","driver":"MongoClient","repeat":10,"create":{"dataset":"jogadores-completo","executions":{"result":[1000,1000,1000,1000,1000,1000,1000,1000,1000,1000],"stats":{"diffTime":[90,62,30,30,36,25,25,32,33,32],"diffCPU":[126.895,91.12,16.582,18.522,21.696,13.487,14.46,18.441,18.413,21.491],"diffExternal":[160,160,160,160,160,160,160,160,160,160],"diffHeapTotal":[0,0,0,0,0,0,0,0,0,0],"diffHeapUsed":[1024,336,203,203,208,203,204,208,204,204],"diffRam":[2048,504,0,0,0,0,260,264,0,264]}}},"read":{"condition":{},"executions":{"result":[1000,1000,1000,1000,1000,1000,1000,1000,1000,1000],"stats":{"diffTime":[46,33,11,12,14,13,12,12,11,16],"diffCPU":[61.884,41.402,10.519,10.782,12.103,11.345,11.067,10.556,10.449,25.239],"diffExternal":[304,304,304,304,304,304,304,304,304,304],"diffHeapTotal":[0,0,0,0,0,0,0,0,0,0],"diffHeapUsed":[931,690,680,680,680,680,681,680,685,687],"diffRam":[488,0,0,0,0,256,264,264,528,524]}}},"update":{"condition":{},"values":{"ID":"1"},"executions":{"result":[1000,1000,1000,1000,1000,1000,1000,1000,1000,1000],"stats":{"diffTime":[34,30,29,31,34,30,30,31,29,33],"diffCPU":[7.489,11.751,1.821,1.66,1.964,1.849,1.411,1.928,1.881,5.553],"diffExternal":[0.2470703125,0.2470703125,0.2470703125,0.2470703125,0.2470703125,0.2470703125,0.2470703125,0.2470703125,0.2470703125,0.2470703125],"diffHeapTotal":[0,0,0,0,0,0,0,0,0,0],"diffHeapUsed":[107,80,41,41,41,41,41,41,41,52],"diffRam":[0,528,0,0,0,0,0,0,0,0]}}},"delete":{"condition":{},"executions":{"result":[1000,1000,1000,1000,1000,1000,1000,1000,1000,1000],"stats":{"diffTime":[38,21,20,22,20,20,20,21,20,20],"diffCPU":[53.414,2.223,1.937,1.892,1.719,1.663,1.877,2.422,1.935,1.91],"diffExternal":[0.1982421875,0.1982421875,0.1982421875,0.1982421875,0.1982421875,0.1982421875,0.1982421875,0.1982421875,0.1982421875],"diffHeapTotal":[13312,0,0,0,0,0,0,0,0,0],"diffHeapUsed":[41,40,40,40,40,40,40,40,40],"diffRam":[13312,0,0,0,0,0,0,0,0,0]}}}}]}