{"stats":[{"id":"#1","time":"2019-4-24 18h39min59s","driver":"Mongoose","repeat":10,"create":{"dataset":"jogadores-completo","executions":{"result":[10000,10000,10000,10000,10000,10000,10000,10000,10000,10000],"stats":{"diffTime":[4211,3907,3669,3622,3618,3716,3621,3612,3625,3777],"diffCPU":[4896.535,4714.698,3956.882,3869.669,3869.794,4289.237,3872.169,3857.207,3868.887,4409.648],"diffExternal":[522,1024,1024,1024,1024,599,1024,1024,1024,123],"diffHeapTotal":[13312,28672,39936,39936,5120,39936,37888],"diffHeapUsed":[32768,33792,33792,33792,48128,47104,47104],"diffRam":[19456,26624,40960,39936,5120,38912,38912]}}},"read":{"condition":{},"executions":{"result":[10000,10000,10000,10000,10000,10000,10000,10000,10000,10000],"stats":{"diffTime":[2686,2517,2423,2415,2420,2470,2441,2435,2398,2466],"diffCPU":[3083.601,2774.551,2616.84,2587.918,2614.779,2685.354,2646.238,2623.299,2602.848,2679.55],"diffExternal":[265],"diffHeapTotal":[15360,0,21504,20480,22528,0,22528,23552,22528,0],"diffHeapUsed":[28672,26624,26624,26624,26624,11264,11264,11264,11264,26624],"diffRam":[16384,540,22528,20480,22528,0,21504,21504,22528,0]}}},"update":{"condition":{},"values":{"ID":"1"},"executions":{"result":[10000,10000,10000,10000,10000,10000,10000,10000,10000,10000],"stats":{"diffTime":[247,239,241,233,249,227,247,225,244,238],"diffCPU":[15.721,3.626,2.488,2.378,2.583,3.22,2.685,2.599,2.697,3.012],"diffExternal":[1,0.517578125,0.517578125,0.517578125,0.517578125,0.517578125,0.517578125,0.517578125,0.517578125,0.517578125],"diffHeapTotal":[0,0,0,0,0,0,0,0,0,0],"diffHeapUsed":[193,84,58,58,57,70,58,58,57,70],"diffRam":[0,0,0,0,0,0,0,0,0,0]}}},"delete":{"condition":{},"executions":{"result":[10000,10000,10000,10000,10000,10000,10000,10000,10000,10000],"stats":{"diffTime":[201,192,195,183,195,185,200,182,199,189],"diffCPU":[7.336,2.355,1.968,2.078,1.562,2.21,1.822,2.225,2.099,1.968],"diffExternal":[0.19921875,0.19921875,0.19921875,0.19921875,0.19921875,0.19921875,0.19921875,0.19921875,0.19921875,0.19921875],"diffHeapTotal":[0,0,0,0,0,0,0,0,0,0],"diffHeapUsed":[70,43,34,34,34,41,34,34,34,41],"diffRam":[0,0,0,0,0,0,0,0,0,0]}}}}]}