{"stats":[{"id":"#1","time":"2019-4-24 17h56min45s","driver":"Mongoose","repeat":10,"create":{"dataset":"jogadores-reduzido","executions":{"result":[100000,100000,100000,100000,100000,100000,100000,100000,100000,100000],"stats":{"diffTime":[40286,40665,41132,41122,41498,41463,40501,41166,40408,41090],"diffCPU":[43613.542,43296.099,45076.209,43703.239,45505.947,44105.913,42993.095,43903.344,42865.629,43797.799],"diffExternal":[16384,16384,15360,14336,16384,16384,16384,16384,194],"diffHeapTotal":[410624,413696,461824,52224,381952,459776,399360,460800],"diffHeapUsed":[420864,454656,450560,450560,465920,463872,452608,448512],"diffRam":[448512,446464,461824,405504,382976,460800,434176,461824]}}},"read":{"condition":{},"executions":{"result":[100000,100000,100000,100000,100000,100000,100000,100000,100000,100000],"stats":{"diffTime":[6868,6472,6408,6554,6632,7011,6578,7093,6554,7159],"diffCPU":[9267.002,7642.316,7580.887,7759.077,7850.786,9902.476,7737.1,10096.122,7699.89,10189.6],"diffExternal":[1024],"diffHeapTotal":[216064,218112,217088,5120,218112,218112],"diffHeapUsed":[212992,215040,215040,212992,200704,214016],"diffRam":[216064,217088,217088,210944,217088,216064]}}},"update":{"condition":{},"values":{"ID":"1"},"executions":{"result":[100000,100000,100000,100000,100000,100000,100000,100000,100000,100000],"stats":{"diffTime":[2340,2336,2356,2322,2349,2350,2351,2332,2353,2337],"diffCPU":[9.314,4.014,3.807,3.608,4.398,4.106,3.684,4.415,3.969,4.266],"diffExternal":[0.517578125,0.517578125,0.517578125,0.517578125,0.517578125,0.517578125,0.517578125,0.517578125,0.517578125,0.517578125],"diffHeapTotal":[0,0,0,0,0,0,0,0,0,0],"diffHeapUsed":[163,61,66,57,66,84,57,84,57,83],"diffRam":[0,0,0,0,0,0,0,0,0,0]}}},"delete":{"condition":{},"executions":{"result":[100000,100000,100000,100000,100000,100000,100000,100000,100000,100000],"stats":{"diffTime":[1766,1782,1789,1807,1793,1810,1800,1800,1790,1805],"diffCPU":[6.85,3.59,3.377,2.632,4.13,3.071,3.23,3.014,3.087,3.062],"diffExternal":[0.19921875,0.19921875,0.19921875,0.19921875,0.19921875,0.19921875,0.19921875,0.19921875,0.19921875,0.19921875],"diffHeapTotal":[0,0,0,0,0,0,0,0,0,0],"diffHeapUsed":[71,35,41,34,40,41,34,41,33,41],"diffRam":[248,0,0,0,0,0,0,0,0,0]}}}}]}