{"stats":[{"id":"#1","time":"2019-4-24 18h41min10s","driver":"Mongoose","repeat":10,"create":{"dataset":"jogadores-completo","executions":{"result":[1000,1000,1000,1000,1000,1000,1000,1000,1000,1000],"stats":{"diffTime":[723,592,429,388,377,370,393,379,379,367],"diffCPU":[1059.865,952.258,526.869,424.111,392.491,388.942,433.307,393.983,396.842,390.915],"diffExternal":[68,116,116,116,116,116,115,116,116,116],"diffHeapTotal":[15360,4096,0,0,0,3072,4096,4096,4096,4096],"diffHeapUsed":[6144,7168,6144,6144,5120,4096,5120,5120,5120],"diffRam":[21504,4096,16,0,0,2048,4096,3072,4096,4096]}}},"read":{"condition":{},"executions":{"result":[1000,1000,1000,1000,1000,1000,1000,1000,1000,1000],"stats":{"diffTime":[401,362,272,272,265,256,288,251,245,252],"diffCPU":[543.609,562.047,290.842,298.865,311.093,279.166,331.263,270.001,260.317,269.257],"diffExternal":[157,41,41,41,41,41,41,41,41],"diffHeapTotal":[3072,0,0,2048,1024,2048,1024,2048,2048],"diffHeapUsed":[5120,4096,4096,4096,4096,3072,3072,4096],"diffRam":[3072,0,0,588,1024,2048,2048,1024,2048]}}},"update":{"condition":{},"values":{"ID":"1"},"executions":{"result":[1000,1000,1000,1000,1000,1000,1000,1000,1000,1000],"stats":{"diffTime":[36,29,30,33,31,29,29,32,31,28],"diffCPU":[7.993,2.429,1.621,1.526,1.77,7.212,1.598,1.652,1.634,1.534],"diffExternal":[0.248046875,0.248046875,0.248046875,0.248046875,0.248046875,1,0.248046875,0.248046875,0.248046875,0.248046875],"diffHeapTotal":[0,0,0,0,0,0,0,0,0,0],"diffHeapUsed":[112,60,37,37,37,135,37,37,37,37],"diffRam":[0,0,0,0,0,0,0,0,0,0]}}},"delete":{"condition":{},"executions":{"result":[1000,1000,1000,1000,1000,1000,1000,1000,1000,1000],"stats":{"diffTime":[29,22,22,22,21,29,26,23,22,27],"diffCPU":[6.917,2.726,1.971,1.867,1.441,2.115,2.451,1.95,2.214,1.858],"diffExternal":[0.19921875,0.19921875,0.19921875,0.19921875,0.19921875,0.19921875,0.19921875,0.19921875,0.19921875,0.19921875],"diffHeapTotal":[0,0,0,0,0,0,0,0,0,0],"diffHeapUsed":[71,44,34,33,33,34,33,33,33,33],"diffRam":[216,0,0,0,0,0,0,0,0,0]}}}}]}