{"stats":[{"id":"#1","time":"2019-4-24 19h38min24s","driver":"Mongoose","repeat":10,"create":{"dataset":"jogadores-reduzido","executions":{"result":[200000,200000,200000,200000,200000,200000,200000,200000,200000,200000],"stats":{"diffTime":[35640,36723,37048,37002,37034,37223,37254,37415,37403,37662],"diffCPU":[41264.868,43414.614,43797.796,44030.468,44233.876,44648.404,44793.335,44980.532,45045.265,45196.105],"diffExternal":[34816,32768,32768,32768,32768,32768,32768,32768],"diffHeapTotal":[451584,35840],"diffHeapUsed":[436224],"diffRam":[508928,38912]}}},"read":{"condition":{},"executions":{"result":[200000,200000,200000,200000,200000,200000,200000,200000,200000,200000],"stats":{"diffTime":[14820,14961,14755,15071,14712,14874,15008,14766,15253,15022],"diffCPU":[17421.391,17378.235,17197.243,17462.35,17117.762,17300.544,17414.996,17196.793,17690.683,17478.86],"diffExternal":[2048,2048],"diffHeapTotal":[475136,467968,464896,425984,193536,318464,163840,150528,40960,26624],"diffHeapUsed":[460800,466944,465920,453632,466944,464896,453632,465920,466944,453632],"diffRam":[476160,466944,465920,423936,191488,316416,162816,149504,39936,24576]}}},"update":{"condition":{},"values":{"ID":"1"},"executions":{"result":[200000,200000,200000,200000,200000,200000,200000,200000,200000,200000],"stats":{"diffTime":[4735,4733,4773,4708,4750,4759,4765,4779,4719,4728],"diffCPU":[10.392,4.818,4.745,4.18,3.806,4.673,4.587,4.575,4.582,5.189],"diffExternal":[0.517578125,0.517578125,0.517578125,0.517578125,0.517578125,0.517578125,0.517578125,0.517578125,0.517578125,0.517578125],"diffHeapTotal":[0,0,0,0,0,0,0,0,0,0],"diffHeapUsed":[130,80,66,66,66,66,66,66,66,66],"diffRam":[0,252,0,0,0,0,0,0,0,0]}}},"delete":{"condition":{},"executions":{"result":[200000,200000,200000,200000,200000,200000,200000,200000,200000,200000],"stats":{"diffTime":[3600,3593,3572,3583,3551,3537,3649,3575,3616,3612],"diffCPU":[9.273,5.747,5.46,4.46,4.193,5.269,5.439,5.431,4.174,5.42],"diffExternal":[0.46875,0.46875,0.46875,0.46875,0.46875,0.46875,0.46875,0.46875,0.46875,0.46875],"diffHeapTotal":[0,0,0,0,0,0,0,0,0,0],"diffHeapUsed":[89,64,61,61,61,61,61,61,61,61],"diffRam":[0,0,0,0,0,0,0,0,0,0]}}}}]}