{"stats":[{"id":"#1","time":"2019-4-24 18h42min12s","driver":"Mongoose","repeat":10,"create":{"dataset":"jogadores-completo","executions":{"result":[100,100,100,100,100,100,100,100,100,100],"stats":{"diffTime":[168,106,98,79,55,64,51,48,50,47],"diffCPU":[257.279,151.016,181.47,107.192,66.571,90.564,61.863,51.975,58.903,46.498],"diffExternal":[13,13,13,13,13,13,13,13],"diffHeapTotal":[16384,0,512,0,0,0,0,0,0,0],"diffHeapUsed":[3072,5120,5120,5120,5120,5120,5120,5120,5120],"diffRam":[516,2048,200,196,0,204,0,0,0]}}},"read":{"condition":{},"executions":{"result":[100,100,100,100,100,100,100,100,100,100],"stats":{"diffTime":[67,45,42,54,39,36,39,32,29,31],"diffCPU":[86.337,49.903,47.65,101.952,51.77,44.874,59.951,37.853,30.072,31.325],"diffExternal":[13,13,13,13,13,13],"diffHeapTotal":[0,0,0,512,0,1024,0,0,0,0],"diffHeapUsed":[4096,3072,3072,3072,3072,3072],"diffRam":[244,0,0,528,264,0,264,0,0,0]}}},"update":{"condition":{},"values":{"ID":"1"},"executions":{"result":[100,100,100,100,100,100,100,100,100,100],"stats":{"diffTime":[11,6,7,7,7,6,5,7,7,6],"diffCPU":[7.565,2.012,9.576,9.583,1.489,7.521,1.362,1.491,1.389,1.43],"diffExternal":[0.248046875,0.248046875,0.248046875,0.248046875,0.248046875,0.248046875,0.248046875,0.248046875,0.248046875,0.248046875],"diffHeapTotal":[0,0,0,0,0,0,0,0,0,0],"diffHeapUsed":[112,44,40,39,38,44,37,37,37,37],"diffRam":[228,0,0,0,0,0,0,0,0,0]}}},"delete":{"condition":{},"executions":{"result":[100,100,100,100,100,100,100,100,100,100],"stats":{"diffTime":[9,7,6,7,7,6,5,6,7,6],"diffCPU":[4.916,1.814,6.987,9.509,1.459,1.739,1.305,1.545,1.401,1.443],"diffExternal":[0.19921875,0.19921875,0.19921875,0.19921875,0.19921875,0.19921875,0.19921875,0.19921875,0.19921875,0.19921875],"diffHeapTotal":[0,0,0,0,0,0,0,0,0,0],"diffHeapUsed":[74,38,57,35,35,34,34,34,34,34],"diffRam":[0,0,0,0,0,0,0,0,0,0]}}}}]}