{"stats":[{"id":"#1","time":"2019-4-24 18h56min12s","driver":"MongoClient","repeat":10,"create":{"dataset":"jogadores-completo","executions":{"result":[100000,100000,100000,100000,100000,100000,100000,100000,100000,100000],"stats":{"diffTime":[2025,1969,1791,1819,1763,1771,1764,1823,1763,1751],"diffCPU":[1492.516,1219.609,965.304,1388.204,953.139,990.553,958.07,1044.262,980.094,971.081],"diffExternal":[16384,16384,16384,16384,11264,16384,12288,13312,13312],"diffHeapTotal":[7168,19456,12288,13312,18432,13312,18432,18432,20480],"diffHeapUsed":[6144,12288,19456,19456,15360,20480,15360,15360,13312],"diffRam":[40960,20480,14336,14336,20480,14336,19456,19456,19456]}}},"read":{"condition":{},"executions":{"result":[100000,100000,100000,100000,100000,100000,100000,100000,100000,100000],"stats":{"diffTime":[799,771,773,771,744,860,749,762,773,742],"diffCPU":[887.283,823.767,883.053,838.778,816.415,1324.212,809.453,824.357,868.203,817.067],"diffExternal":[1024],"diffHeapTotal":[29696,33792,40960,19456,35840,35840,35840,34816,33792],"diffHeapUsed":[38912,38912,30720,37888,34816,34816,35840,36864,37888],"diffRam":[32768,33792,39936,19456,33792,34816,34816,33792,33792]}}},"update":{"condition":{},"values":{"ID":"1"},"executions":{"result":[100000,100000,100000,100000,100000,100000,100000,100000,100000,100000],"stats":{"diffTime":[2430,2413,2390,2411,2394,2400,2393,2409,2397,2407],"diffCPU":[3.691,2.614,2.406,1.727,2.313,26.935,1.237,2.244,1.399,1.414],"diffExternal":[0.2470703125,0.5166015625,0.5166015625,0.2470703125,0.5166015625,0.5166015625,0.2470703125,0.5166015625,0.2470703125,0.2470703125],"diffHeapTotal":[0,0,0,0,0,0,0,0,0,0],"diffHeapUsed":[66,64,60,47,60,104,39,59,38,38],"diffRam":[0,0,0,0,0,0,0,0,0,0]}}},"delete":{"condition":{},"executions":{"result":[100000,100000,100000,100000,100000,100000,100000,100000,100000,100000],"stats":{"diffTime":[1757,1789,1777,1777,1766,1768,1763,1760,1784,1769],"diffCPU":[4.936,1.884,1.684,2.782,1.859,1.857,2.001,1.624,1.515,2.73],"diffExternal":[0.4677734375,0.1982421875,0.1982421875,0.4677734375,0.1982421875,0.1982421875,0.4677734375,0.1982421875,0.1982421875,0.4677734375],"diffHeapTotal":[0,0,0,0,0,0,0,0,0,0],"diffHeapUsed":[80,41,39,64,39,44,59,38,38,59],"diffRam":[0,0,0,0,0,0,0,0,0,0]}}}}]}