{"stats":[{"id":"#1","time":"2019-4-24 17h40min32s","driver":"Mongoose","repeat":10,"create":{"dataset":"jogadores-reduzido","executions":{"result":[1000,1000,1000,1000,1000,1000,1000,1000,1000,1000],"stats":{"diffTime":[853,612,480,420,420,408,404,408,433,395],"diffCPU":[1087.2,998.89,593.8,458.743,444.443,433.668,426.085,433.21,478.236,415.756],"diffExternal":[131],"diffHeapTotal":[4096,5120,512,512,2048,512,2048,512,1024,0],"diffHeapUsed":[8192,6144,5120,4096,4096,4096,4096,4096,2048,2048],"diffRam":[8192,6144,1024,1024,2048,2048,2048,1024,2048,2048]}}},"read":{"condition":{},"executions":{"result":[1000,1000,1000,1000,1000,1000,1000,1000,1000,1000],"stats":{"diffTime":[245,188,76,74,79,65,72,98,63,58],"diffCPU":[389.747,418.076,86.712,83.044,110.052,73.034,88.582,135.472,69.146,61.612],"diffExternal":[177,322,14,14,14,14,14,13,14,322],"diffHeapTotal":[2048,1024,512,2048,512,1024,2048,2048,0],"diffHeapUsed":[761,21,14336],"diffRam":[2048,416,264,0,264,264,264,528,0]}}},"update":{"condition":{},"values":{"ID":"1"},"executions":{"result":[1000,1000,1000,1000,1000,1000,1000,1000,1000,1000],"stats":{"diffTime":[48,29,27,29,28,25,29,31,29,32],"diffCPU":[10.194,6.195,1.676,1.679,1.647,1.636,1.689,1.753,1.739,1.794],"diffExternal":[0.248046875,0.248046875,0.248046875,0.248046875,0.248046875,0.248046875,0.248046875,0.248046875,0.248046875,0.248046875],"diffHeapTotal":[0,0,0,0,0,0,0,0,0,0],"diffHeapUsed":[146,67,37,36,36,36,36,36,36,36],"diffRam":[172,0,0,0,0,0,0,0,0,0]}}},"delete":{"condition":{},"executions":{"result":[1000,1000,1000,1000,1000,1000,1000,1000,1000,1000],"stats":{"diffTime":[29,22,20,20,19,19,21,27,20,26],"diffCPU":[7.759,2.185,1.947,1.841,1.831,1.947,1.871,2.364,2.116,2.225],"diffExternal":[0.19921875,0.19921875,0.19921875,0.19921875,0.19921875,0.19921875,0.19921875,0.19921875,0.19921875,0.19921875],"diffHeapTotal":[0,0,0,0,0,0,0,0,0,0],"diffHeapUsed":[71,45,34,34,33,33,33,33,33,33],"diffRam":[0,0,0,0,0,0,0,0,0,0]}}}}]}