{"stats":[{"id":"#1","time":"2019-4-24 17h43min13s","driver":"Mongoose","repeat":10,"create":{"dataset":"jogadores-reduzido","executions":{"result":[10000,10000,10000,10000,10000,10000,10000,10000,10000,10000],"stats":{"diffTime":[4478,4220,3943,3914,3887,4005,3893,3862,3902,3894],"diffCPU":[5128.357,5024.031,4205.908,4129.326,4104.54,4567.133,4127.771,4065.315,4124.312,4122.515],"diffExternal":[1024,2048,2048,2048,509,2048,2048,2048,2048],"diffHeapTotal":[12288,30720,45056,45056,6144,15360,45056,45056],"diffHeapUsed":[46080,47104,47104,47104,47104,47104,47104,47104],"diffRam":[19456,30720,46080,47104,6144,15360,46080,46080]}}},"read":{"condition":{},"executions":{"result":[10000,10000,10000,10000,10000,10000,10000,10000,10000,10000],"stats":{"diffTime":[898,694,654,613,609,692,636,643,633,618],"diffCPU":[1179.34,833.889,736.019,713.878,711.792,805.686,730.527,732.794,735.509,721.082],"diffExternal":[283],"diffHeapTotal":[4096,4096,20480,21504,20480,0,3072,20480,20480,20480],"diffHeapUsed":[21504,18432,18432,18432,17408,18432,17408,17408,17408,17408],"diffRam":[8192,4096,20480,19456,19456,1024,3072,18432,19456,19456]}}},"update":{"condition":{},"values":{"ID":"1"},"executions":{"result":[10000,10000,10000,10000,10000,10000,10000,10000,10000,10000],"stats":{"diffTime":[230,238,220,229,228,223,229,219,232,274],"diffCPU":[8.166,3.028,1.576,1.59,1.883,2.209,1.865,2.775,2.693,336.536],"diffExternal":[0.248046875,0.248046875,0.248046875,0.248046875,0.248046875,0.248046875,0.248046875,0.517578125,0.517578125],"diffHeapTotal":[0,0,0,0,0,0,0,0,0],"diffHeapUsed":[111,60,37,37,37,45,37,57,57],"diffRam":[0,0,0,0,0,0,0,0,0]}}},"delete":{"condition":{},"executions":{"result":[10000,10000,10000,10000,10000,10000,10000,10000,10000,10000],"stats":{"diffTime":[180,190,180,182,177,182,183,176,190,180],"diffCPU":[6.118,2.582,1.662,1.53,2.021,2.334,2.195,2.095,2.161,2.897],"diffExternal":[0.19921875,0.19921875,0.19921875,0.19921875,0.19921875,0.19921875,0.19921875,0.19921875,0.19921875,0.19921875],"diffHeapTotal":[0,0,0,0,0,0,0,0,0,0],"diffHeapUsed":[69,43,34,34,34,41,34,33,33,44],"diffRam":[0,0,0,0,0,0,0,0,0,0]}}}}]}