{"stats":[{"id":"#1","time":"2019-4-24 18h44min17s","driver":"MongoClient","repeat":10,"create":{"dataset":"jogadores-reduzido","executions":{"result":[100,100,100,100,100,100,100,100,100,100],"stats":{"diffTime":[145,12,13,14,15,7,5,4,4,8],"diffCPU":[30.427,13.587,13.661,18.101,16.922,10.441,3.136,7.025,3.362,11.579],"diffExternal":[16,16,16,16,16,16,16,16,16,16],"diffHeapTotal":[0,0,0,0,0,512,0,0,0,0],"diffHeapUsed":[588,166,157,160,66,98,65,65,65,70],"diffRam":[460,0,0,0,0,204,0,788,0,0]}}},"read":{"condition":{},"executions":{"result":[100,100,100,100,100,100,100,100,100,100],"stats":{"diffTime":[14,5,6,5,4,5,11,16,3,6],"diffCPU":[13.658,5.469,6.524,4.488,8.519,4.773,13.448,50.346,2.062,6.492],"diffExternal":[16,16,16,16,16,16,16,16,16],"diffHeapTotal":[0,0,0,0,0,0,0,512,0,0],"diffHeapUsed":[322,214,173,106,106,106,110,106,107],"diffRam":[0,0,0,0,0,0,0,1024,0,0]}}},"update":{"condition":{},"values":{"ID":"1"},"executions":{"result":[100,100,100,100,100,100,100,100,100,100],"stats":{"diffTime":[5,6,6,6,7,6,5,4,6,7],"diffCPU":[3.003,1.413,1.451,1.719,10.453,1.378,9.407,1.147,1.684,9.455],"diffExternal":[0.2470703125,0.2470703125,0.2470703125,0.2470703125,0.2470703125,0.2470703125,0.2470703125,0.2470703125,0.2470703125,0.2470703125],"diffHeapTotal":[0,0,0,0,0,0,0,0,0,0],"diffHeapUsed":[67,42,42,43,41,41,41,41,41,41],"diffRam":[0,0,0,0,0,0,0,0,0,0]}}},"delete":{"condition":{},"executions":{"result":[100,100,100,100,100,100,100,100,100,100],"stats":{"diffTime":[5,6,5,10,4,5,5,3,5,8],"diffCPU":[2.974,1.815,1.782,2.745,5.39,1.602,5.573,1.221,1.402,8.911],"diffExternal":[0.1982421875,0.1982421875,0.1982421875,0.1982421875,0.1982421875,0.1982421875,0.1982421875,0.1982421875,0.1982421875,0.1982421875],"diffHeapTotal":[0,0,0,0,0,0,0,0,0,0],"diffHeapUsed":[63,41,40,40,40,40,40,40,40,57],"diffRam":[0,0,0,0,524,0,0,0,0,0]}}}}]}