{"stats":[{"id":"#1","time":"2019-4-24 19h21min0s","driver":"Mongoose","repeat":10,"create":{"dataset":"jogadores-completo","executions":{"result":[200000,200000,200000,200000,200000,200000,200000,200000,200000,200000],"stats":{"diffTime":[74474,75920,75672,76291,77763,77181,77740,77924,77550,77697],"diffCPU":[83428.079,86042.661,85376.297,86207.53,96761.053,95422.693,95783.77,93412.168,95827.032,95762.892],"diffExternal":[23552,21504,22528,21504,21504,21504,21504],"diffHeapTotal":[651264,677888,596992,89088,91136,37888,9216],"diffHeapUsed":[342016,24576,408576,46080,71680,49152],"diffRam":[675840,708608,607232,527360,171008,876,79872,34816]}}},"read":{"condition":{},"executions":{"result":[200000,200000,200000,200000,200000,200000,200000,200000,200000,200000],"stats":{"diffTime":[49579,49947,50397,51301,50480,50271,51340,51267,50263,50996],"diffCPU":[53936.223,56697.531,57521.702,61988.236,58379.143,58111.308,62349.997,61662.34,58228.681,62329.058],"diffExternal":[3072,2048,2048],"diffHeapTotal":[142336,141312,34816,8192,32768,26624],"diffHeapUsed":[428032,20480,24576,23552,20480,14336],"diffRam":[169984,14336,43008,8192]}}},"update":{"condition":{},"values":{"ID":"1"},"executions":{"result":[200000,200000,200000,200000,200000,200000,200000,200000,200000,200000],"stats":{"diffTime":[4727,4662,4697,4689,5003,4664,4691,4665,4679,4733],"diffCPU":[10.147,4.656,4.794,4.99,2397.588,4.822,4.833,4.854,4.939,4.661],"diffExternal":[0.517578125,0.517578125,0.517578125,0.517578125,0.517578125,0.517578125,0.517578125,0.517578125,0.517578125],"diffHeapTotal":[0,0,0,0,0,0,0,0,0],"diffHeapUsed":[130,83,75,81,80,80,80,80,77],"diffRam":[0,0,0,0,0,0,0,0,0]}}},"delete":{"condition":{},"executions":{"result":[200000,200000,200000,200000,200000,200000,200000,200000,200000,200000],"stats":{"diffTime":[3608,3586,3653,3648,3648,3670,3669,3657,3655,3681],"diffCPU":[9.233,4.217,5.103,4.602,5.417,4.461,4.932,4.783,5.121,4.542],"diffExternal":[0.46875,0.46875,0.46875,0.46875,0.46875,0.46875,0.46875,0.46875,0.46875,0.46875],"diffHeapTotal":[0,0,0,0,0,0,0,0,0,0],"diffHeapUsed":[89,64,62,62,71,62,62,62,62,62],"diffRam":[208,0,0,0,0,0,0,0,0,0]}}}}]}