{"stats":[{"id":"#1","time":"2019-4-24 18h46min10s","driver":"MongoClient","repeat":10,"create":{"dataset":"jogadores-completo","executions":{"result":[100,100,100,100,100,100,100,100,100,100],"stats":{"diffTime":[90,14,12,11,16,7,5,5,6,6],"diffCPU":[108.385,15.302,13.042,15.036,14.466,14.228,3.288,11.168,3.709,9.486],"diffExternal":[16,16,16,16,16,16,16,16,16],"diffHeapTotal":[0,0,0,0,0,0,0,0,0],"diffHeapUsed":[166,157,161,67,65,65,65,65,70],"diffRam":[260,0,0,0,264,0,0,0,0]}}},"read":{"condition":{},"executions":{"result":[100,100,100,100,100,100,100,100,100,100],"stats":{"diffTime":[14,6,6,5,4,4,16,3,3,6],"diffCPU":[13.987,5.545,7.304,4.035,7.748,4.117,19.401,5.595,2.301,5.942],"diffExternal":[16,16,16,16,16,16,16,16,16,16],"diffHeapTotal":[0,0,0,0,0,0,0,0,0,0],"diffHeapUsed":[326,212,175,106,106,106,110,143,106,107],"diffRam":[224,252,256,0,0,0,0,260,0,0]}}},"update":{"condition":{},"values":{"ID":"1"},"executions":{"result":[100,100,100,100,100,100,100,100,100,100],"stats":{"diffTime":[8,6,6,6,6,4,9,5,6,7],"diffCPU":[3.018,1.562,1.301,1.277,9.369,1.26,9.226,1.693,1.695,9.267],"diffExternal":[0.2470703125,0.2470703125,0.2470703125,0.2470703125,0.2470703125,0.2470703125,0.2470703125,0.2470703125,0.2470703125,0.2470703125],"diffHeapTotal":[0,0,0,0,0,0,0,0,0,0],"diffHeapUsed":[67,42,41,41,41,41,41,41,41,41],"diffRam":[0,0,0,0,0,0,0,0,0,0]}}},"delete":{"condition":{},"executions":{"result":[100,100,100,100,100,100,100,100,100,100],"stats":{"diffTime":[7,5,5,6,5,4,5,6,5,7],"diffCPU":[3.185,1.6,1.451,1.714,5.52,1.257,5.223,2.329,1.43,4.789],"diffExternal":[0.1982421875,0.1982421875,0.1982421875,0.1982421875,0.1982421875,0.1982421875,0.1982421875,0.1982421875,0.1982421875,0.1982421875],"diffHeapTotal":[0,0,0,0,0,0,0,0,0,0],"diffHeapUsed":[63,41,40,40,40,40,40,40,40,52],"diffRam":[0,0,0,0,260,0,0,0,0,0]}}}}]}