{"stats":[{"id":"#1","time":"2019-4-24 18h46min54s","driver":"MongoClient","repeat":10,"create":{"dataset":"jogadores-reduzido","executions":{"result":[1000,1000,1000,1000,1000,1000,1000,1000,1000,1000],"stats":{"diffTime":[77,52,25,30,36,32,31,30,29,36],"diffCPU":[98.166,73.115,13.556,16.809,21.932,18.691,18.283,17.629,17.483,19.701],"diffExternal":[160,160,160,160,160,160,160,160,160,160],"diffHeapTotal":[0,0,0,0,0,0,0,0,0,0],"diffHeapUsed":[1024,336,207,203,207,203,204,203,208,209],"diffRam":[2048,792,0,228,0,0,0,264,264,264]}}},"read":{"condition":{},"executions":{"result":[1000,1000,1000,1000,1000,1000,1000,1000,1000,1000],"stats":{"diffTime":[61,32,11,11,12,11,11,10,11,19],"diffCPU":[114.652,39.102,9.885,9.84,11.021,10.066,9.741,10.027,9.514,20.295],"diffExternal":[136,304,304,304,304,304,304,304,304,304],"diffHeapTotal":[13312,0,0,0,0,0,0,0,0,0],"diffHeapUsed":[690,680,680,680,689,680,680,680,686],"diffRam":[13312,264,0,0,0,260,260,264,264,260]}}},"update":{"condition":{},"values":{"ID":"1"},"executions":{"result":[1000,1000,1000,1000,1000,1000,1000,1000,1000,1000],"stats":{"diffTime":[30,30,32,29,30,30,29,29,30,27],"diffCPU":[4.128,12.204,1.882,1.979,1.896,1.945,1.715,1.697,1.533,3.151],"diffExternal":[0.2470703125,0.2470703125,0.2470703125,0.2470703125,0.2470703125,0.2470703125,0.2470703125,0.2470703125,0.2470703125,0.2470703125],"diffHeapTotal":[0,0,0,0,0,0,0,0,0,0],"diffHeapUsed":[67,80,41,41,41,41,41,41,41,52],"diffRam":[0,264,0,0,0,0,0,0,0,260]}}},"delete":{"condition":{},"executions":{"result":[1000,1000,1000,1000,1000,1000,1000,1000,1000,1000],"stats":{"diffTime":[25,20,20,23,20,21,20,20,21,19],"diffCPU":[4.385,1.968,1.885,2.432,2.103,2.207,1.992,1.869,2.1,1.737],"diffExternal":[0.1982421875,0.1982421875,0.1982421875,0.1982421875,0.1982421875,0.1982421875,0.1982421875,0.1982421875,0.1982421875,0.1982421875],"diffHeapTotal":[0,0,0,0,0,0,0,0,0,0],"diffHeapUsed":[59,41,40,40,40,40,40,40,40,40],"diffRam":[0,0,0,0,0,0,0,0,0,0]}}}}]}