{"stats":[{"id":"#1","time":"2019-4-24 18h50min50s","driver":"MongoClient","repeat":10,"create":{"dataset":"jogadores-completo","executions":{"result":[10000,10000,10000,10000,10000,10000,10000,10000,10000,10000],"stats":{"diffTime":[275,236,177,180,177,187,182,209,178,172],"diffCPU":[234.551,199.475,93.633,98.591,91.922,116.391,91.635,143.145,91.036,88.059],"diffExternal":[2048,2048,2048,2048,2048,2048,2048,2048,2048],"diffHeapTotal":[0,0,0,0,0,512,0,0,0,0],"diffHeapUsed":[3072,2048,1024,1024,1024,1024,1024,1024,1024],"diffRam":[3072,1012,2048,0,0,1024,0,1024,0,0]}}},"read":{"condition":{},"executions":{"result":[10000,10000,10000,10000,10000,10000,10000,10000,10000,10000],"stats":{"diffTime":[137,97,102,83,77,71,110,101,74,80],"diffCPU":[144.88,115.899,98.695,92.137,64.944,59.844,140.406,88.558,63.698,83.536],"diffExternal":[3072,3072,3072,3072],"diffHeapTotal":[2048,0,512,0,0,0,1024,0,0,0],"diffHeapUsed":[6144,163,6144,6144,6144],"diffRam":[4096,3072,2048,0,0,0,0,0,0,528]}}},"update":{"condition":{},"values":{"ID":"1"},"executions":{"result":[10000,10000,10000,10000,10000,10000,10000,10000,10000,10000],"stats":{"diffTime":[230,242,230,240,245,241,237,227,247,246],"diffCPU":[3.79,1.458,1.408,1.436,1.462,1.395,1.517,1.491,1.493,1.475],"diffExternal":[0.2470703125,0.2470703125,0.2470703125,0.2470703125,0.2470703125,0.2470703125,0.2470703125,0.2470703125,0.2470703125,0.2470703125],"diffHeapTotal":[0,0,0,0,0,0,0,0,0,0],"diffHeapUsed":[67,42,41,41,40,40,40,40,40,40],"diffRam":[0,0,0,0,0,0,0,0,0,0]}}},"delete":{"condition":{},"executions":{"result":[10000,10000,10000,10000,10000,10000,10000,10000,10000,10000],"stats":{"diffTime":[180,187,178,188,178,189,188,185,197,186],"diffCPU":[3.988,1.632,1.947,1.859,1.855,1.92,1.968,1.713,1.57,1.763],"diffExternal":[0.1982421875,0.1982421875,0.1982421875,0.1982421875,0.1982421875,0.1982421875,0.1982421875,0.1982421875,0.1982421875,0.1982421875],"diffHeapTotal":[0,0,0,0,0,0,0,0,0,0],"diffHeapUsed":[59,41,40,40,40,40,40,40,40,40],"diffRam":[0,0,0,0,0,0,0,0,0,0]}}}}]}